Rk,Name,Age,G,GS,MP,FG,FGA,FGPercent,ThreeP,ThreePA,ThreePPercent,TwoP,TwoPA,TwoPPercent,eFGPercent,FT,FTA,FTPercent,ORB,DRB,TRB,AST,STL,BLK,TOV,PF,PTS/G,Season
1,LeBron James,19,79,79,39.5,7.9,18.9,0.417,0.8,2.7,0.29,7.1,16.1,0.438,0.438,4.4,5.8,0.754,1.3,4.2,5.5,5.9,1.6,0.7,3.5,1.9,20.9,2003-2004
2,Ricky Davis\davisri01,24,22,22,36.2,6.1,14.1,0.431,0.8,2.2,0.354,5.3,12,0.445,0.458,2.3,3.4,0.68,0.8,4.7,5.5,5,1.1,0.4,3.1,2.3,15.3,2003-2004
3,Jeff McInnis\mcinnje01,29,31,31,35.4,4.5,10.7,0.417,1,2.6,0.388,3.5,8.1,0.426,0.464,1.8,2.2,0.836,0.5,2.1,2.6,7.5,1.2,0.1,1.9,2.2,11.7,2003-2004
4,Carlos Boozer\boozeca01,22,75,75,34.6,6.3,12,0.523,0,0.1,0.167,6.3,11.9,0.526,0.524,2.9,3.8,0.768,3.1,8.4,11.4,2,1,0.7,1.8,2.7,15.5,2003-2004
5,Zydrunas Ilgauskas\ilgauzy01,28,81,81,31.3,5.8,11.9,0.483,0,0.1,0.286,5.7,11.8,0.484,0.484,3.7,5,0.746,3.4,4.6,8.1,1.3,0.5,2.5,2,3.4,15.3,2003-2004
6,Eric Williams\willier01,31,50,36,27.5,3.1,8.4,0.366,0.5,1.9,0.253,2.6,6.5,0.399,0.394,2.7,3.5,0.787,0.9,2.9,3.8,1.9,1,0.2,1.1,2.6,9.4,2003-2004
7,Darius Miles\milesda01,22,37,16,24,3.9,8.9,0.432,0.1,0.8,0.167,3.7,8.1,0.458,0.44,1.1,1.9,0.542,1.3,3.2,4.5,2.2,0.7,0.7,1.5,2.3,8.9,2003-2004
8,Mateen Cleaves\cleavma01,26,4,2,23,1.8,5.8,0.304,0,0.3,0,1.8,5.5,0.318,0.304,0.3,0.5,0.5,0.3,1.5,1.8,4.8,1,0.5,1.3,3.3,3.8,2003-2004
9,Ira Newble\newblir01,29,64,25,19.5,1.7,4.3,0.391,0,0.3,0.105,1.7,4,0.412,0.395,0.6,0.7,0.783,1,1.4,2.4,1.1,0.4,0.3,0.8,1.7,4,2003-2004
10,Tony Battie\battito01,27,50,1,19.5,2.3,5.3,0.427,0,0.2,0.125,2.3,5.2,0.436,0.429,0.9,1.1,0.768,1.6,3.2,4.8,0.7,0.4,0.9,0.8,2.1,5.4,2003-2004
11,Lee Nailon\nailole01,28,22,4,18,3.3,7.4,0.451,0,0.1,0,3.3,7.2,0.459,0.451,1.1,1.4,0.8,1.4,1.6,3,0.8,0.2,0,1,1.6,7.7,2003-2004
12,Chris Mihm\mihmch01,24,22,1,17.8,2.7,5.8,0.465,0,0,,2.7,5.8,0.465,0.465,1.5,2.2,0.708,2.1,4.2,6.4,0.5,0.4,1,1.1,2.6,6.9,2003-2004
13,Kevin Ollie\ollieke01,31,82,7,17.1,1.2,3.1,0.37,0,0.1,0.444,1.1,3,0.367,0.377,1.8,2.1,0.835,0.3,1.8,2.1,2.9,0.6,0.1,1,1.5,4.2,2003-2004
14,Kedrick Brown\brownke01,22,34,16,16.5,2.1,4.6,0.465,0.8,2,0.388,1.4,2.6,0.523,0.548,0.3,0.4,0.643,0.7,1.6,2.3,1.1,0.4,0.1,0.5,1.2,5.3,2003-2004
15,Dajuan Wagner\wagneda02,20,44,4,16.1,2.5,7,0.366,0.7,2,0.36,1.8,5,0.368,0.417,0.7,1.1,0.681,0.2,1.1,1.3,1.2,0.6,0.2,0.9,2,6.5,2003-2004
16,DeSagana Diop\diopde01,22,56,3,13,1,2.6,0.388,0,0,,1,2.6,0.388,0.388,0.2,0.4,0.6,1.3,2.3,3.6,0.6,0.5,0.9,0.5,2.1,2.3,2003-2004
17,J.R. Bremer\bremejr01,23,31,2,13,1.3,4.4,0.285,0.6,2.1,0.288,0.6,2.3,0.282,0.354,0.4,0.6,0.65,0.2,0.8,1.1,1.3,0.6,0.1,0.6,0.9,3.5,2003-2004
18,Jason Kapono\kaponja01,22,41,3,10.4,1.3,3.1,0.403,0.5,1.1,0.477,0.8,2.1,0.365,0.484,0.5,0.6,0.833,0.5,0.9,1.3,0.3,0.3,0,0.5,1,3.5,2003-2004
19,Michael Stewart\stewami01,28,8,2,9.5,0.4,0.9,0.429,0,0,,0.4,0.9,0.429,0.429,0.3,0.3,1,0.6,1.6,2.3,0,0.1,1,0.1,2.6,1,2003-2004
20,Bruno Šundov\sundobr01,23,4,0,7.3,0.8,2.3,0.333,0,0,,0.8,2.3,0.333,0.333,0.8,1.5,0.5,0.5,2,2.5,0,0,0,0.8,1.8,2.3,2003-2004
21,Jelani McCoy\mccoyje01,26,2,0,6,0,0,,0,0,,0,0,,,0,0,,0.5,1.5,2,0,0,0,0.5,2,0,2003-2004
1,LeBron James,20,80,80,42.4,9.9,21.1,0.472,1.4,3.9,0.351,8.6,17.2,0.499,0.504,6,8,0.75,1.4,6,7.4,7.2,2.2,0.7,3.3,1.8,27.2,2004-2005
2,Jeff McInnis\mcinnje01,30,76,69,34.9,5,12,0.412,1.2,3.5,0.345,3.8,8.6,0.439,0.462,1.7,2.1,0.813,0.4,1.6,2.1,5.1,0.7,0,1.5,2.3,12.8,2004-2005
3,Zydrunas Ilgauskas\ilgauzy01,29,78,78,33.5,5.9,12.6,0.468,0,0.1,0.286,5.8,12.5,0.469,0.469,5.2,6.4,0.799,3.8,4.8,8.6,1.3,0.7,2.1,2.4,4,16.9,2004-2005
4,Drew Gooden\goodedr01,23,82,80,30.8,5.7,11.5,0.492,0.1,0.3,0.179,5.6,11.2,0.502,0.495,3.1,3.8,0.81,2.5,6.7,9.2,1.6,0.9,0.9,1.6,2.8,14.4,2004-2005
5,Ira Newble\newblir01,30,74,69,24.8,2.5,5.7,0.429,0.3,0.7,0.358,2.2,5,0.439,0.452,0.7,0.9,0.797,1.1,1.9,3,1.2,0.7,0.2,0.8,1.9,5.9,2004-2005
6,Eric Snow\snower01,31,81,15,22.8,1.5,4,0.382,0.2,0.6,0.289,1.4,3.5,0.397,0.402,0.7,1,0.738,0.5,1.5,1.9,3.9,0.8,0.2,1.1,2.3,4,2004-2005
7,Robert Traylor\traylro01,27,74,6,17.9,2.4,5.4,0.444,0,0.1,0,2.4,5.3,0.453,0.444,0.7,1.4,0.539,1.8,2.6,4.5,0.8,0.7,0.7,1,2.9,5.5,2004-2005
8,Anderson Varejão\varejan01,22,54,0,16,1.8,3.6,0.513,0,0,0,1.8,3.5,0.518,0.513,1.3,2.4,0.535,2,2.7,4.8,0.5,0.8,0.7,0.5,2.3,4.9,2004-2005
9,Lucious Harris\harrilu01,34,73,4,15.5,1.6,4.1,0.395,0.3,0.9,0.323,1.3,3.2,0.415,0.43,0.8,0.9,0.812,0.5,1.1,1.7,0.7,0.4,0.1,0.4,0.9,4.3,2004-2005
10,Sasha Pavlović\pavloal01,21,65,9,13.3,1.8,4.2,0.435,0.5,1.2,0.385,1.4,3,0.455,0.489,0.7,1,0.688,0.2,0.9,1.1,0.8,0.4,0.1,0.7,1.9,4.8,2004-2005
11,Jiří Welsch\welscji01,25,16,0,12,0.8,3.2,0.235,0.1,0.7,0.182,0.6,2.5,0.25,0.255,1.3,1.8,0.714,0.4,1.4,1.8,1.2,0.3,0,0.9,1,2.9,2004-2005
12,Dajuan Wagner\wagneda02,21,11,0,9.3,1.6,5,0.327,0.5,2.4,0.192,1.2,2.6,0.448,0.373,0.3,0.4,0.75,0,0.2,0.2,1.2,0.5,0,0.8,1.4,4,2004-2005
13,Scott Williams\willisc01,36,19,0,8,0.6,2.2,0.293,0,0.1,0,0.6,2.1,0.3,0.293,0.5,0.6,0.818,0.8,0.8,1.6,0.4,0.2,0.3,0.3,1.6,1.7,2004-2005
14,DeSagana Diop\diopde01,23,39,0,7.8,0.5,1.8,0.29,0,0.1,0,0.5,1.7,0.299,0.29,0,0.1,0,0.8,1,1.8,0.4,0.2,0.7,0.3,1.4,1,2004-2005
15,Jérôme Moïso\moisoje01,26,4,0,6.8,0.8,1.3,0.6,0,0,,0.8,1.3,0.6,0.6,0,0,,0.3,1.5,1.8,0.3,0.3,0.5,0,1,1.5,2004-2005
16,Luke Jackson\jackslu02,23,10,0,4.3,1,2.7,0.37,0.4,0.6,0.667,0.6,2.1,0.286,0.444,0.5,0.6,0.833,0.2,0.4,0.6,0.3,0,0,0.2,0.4,2.9,2004-2005
1,LeBron James,21,79,79,42.5,11.1,23.1,0.48,1.6,4.8,0.335,9.5,18.3,0.518,0.515,7.6,10.3,0.738,0.9,6.1,7,6.6,1.6,0.8,3.3,2.3,31.4,2005-2006
2,Ronald Murray\murraro01,26,28,25,36.7,5.1,11.3,0.448,0.7,2.3,0.308,4.4,9,0.484,0.479,2.6,3.7,0.702,0.5,1.9,2.4,2.8,1.4,0.3,2,2.3,13.5,2005-2006
3,Larry Hughes\hughela01,27,36,31,35.6,5.3,13,0.409,0.8,2.1,0.368,4.6,10.9,0.417,0.439,4.1,5.4,0.756,0.7,3.8,4.5,3.6,1.5,0.6,2.8,3.3,15.5,2005-2006
4,Zydrunas Ilgauskas\ilgauzy01,30,78,78,29.3,5.8,11.4,0.506,0,0.1,0,5.8,11.3,0.509,0.506,4.1,4.9,0.834,3.1,4.4,7.6,1.2,0.5,1.7,2,3.6,15.6,2005-2006
5,Eric Snow\snower01,32,82,82,28.7,2,4.9,0.409,0,0.1,0.1,2,4.7,0.416,0.41,0.8,1.1,0.688,0.5,2,2.4,4.2,0.9,0.2,1.4,2.7,4.8,2005-2006
6,Drew Gooden\goodedr01,24,79,79,27.5,4.2,8.3,0.512,0,0,0.333,4.2,8.2,0.513,0.513,2.2,3.3,0.682,3,5.4,8.4,0.7,0.7,0.6,1.3,2.4,10.7,2005-2006
7,Donyell Marshall\marshdo01,32,81,0,25.6,3.3,8.3,0.395,1.6,4.9,0.324,1.7,3.4,0.496,0.49,1.1,1.5,0.748,1.3,4.8,6.1,0.7,0.7,0.5,1.1,2,9.3,2005-2006
8,Damon Jones\jonesda01,29,82,7,25.5,2.3,6,0.387,1.7,4.5,0.377,0.6,1.5,0.417,0.53,0.4,0.6,0.64,0.2,1.5,1.6,2.1,0.5,0,0.7,1.4,6.7,2005-2006
9,Anderson Varejão\varejan01,23,48,4,15.8,1.6,3.1,0.527,0,0,0,1.6,3.1,0.53,0.527,1.3,2.5,0.513,1.6,3.3,4.9,0.4,0.6,0.4,0.6,2.5,4.6,2005-2006
10,Sasha Pavlović\pavloal01,22,53,19,15.3,1.6,4,0.41,0.7,1.8,0.365,1,2.2,0.448,0.493,0.6,0.9,0.653,0.3,1.2,1.5,0.5,0.4,0.1,0.8,1.9,4.5,2005-2006
11,Alan Henderson\hendeal01,33,51,3,10.4,0.9,1.8,0.516,0,0,,0.9,1.8,0.516,0.516,0.6,1,0.673,1.2,1.5,2.7,0.2,0.2,0.2,0.4,1.1,2.5,2005-2006
12,Ira Newble\newblir01,31,36,3,9.8,0.5,1.6,0.298,0.1,0.4,0.231,0.4,1.2,0.318,0.325,0.3,0.4,0.688,0.6,1,1.6,0.3,0.1,0.3,0.3,1.3,1.3,2005-2006
13,Stephen Graham\grahast01,23,13,0,9,1.1,2.5,0.424,0,0.1,0,1.1,2.5,0.438,0.424,0.6,0.7,0.889,0.3,1,1.3,0.2,0.2,0.2,0.5,1.8,2.8,2005-2006
14,Luke Jackson\jackslu02,24,36,0,8.8,0.8,2.4,0.341,0.3,1,0.333,0.5,1.4,0.347,0.412,0.7,0.9,0.788,0.4,0.7,1.1,0.7,0.3,0.1,0.9,0.8,2.7,2005-2006
15,Mike Wilks\wilksmi01,26,37,0,6.6,0.5,1.6,0.288,0.1,0.4,0.143,0.4,1.2,0.333,0.305,0.2,0.3,0.5,0.2,0.6,0.7,0.5,0.2,0,0.4,0.7,1.1,2005-2006
16,Zendon Hamilton\hamilze01,30,11,0,4.2,0.6,1.2,0.538,0,0,,0.6,1.2,0.538,0.538,1,1.5,0.688,0.3,0.7,1,0,0.3,0,0.5,0.4,2.3,2005-2006
17,Martynas Andriuškevičius\andrima01,19,6,0,1.5,0,0.2,0,0,0,,0,0.2,0,0,0,0,,0.2,0.5,0.7,0,0.3,0,0,0.2,0,2005-2006
1,LeBron James,22,78,78,40.9,9.9,20.8,0.476,1.3,4,0.319,8.6,16.8,0.513,0.507,6.3,9,0.698,1.1,5.7,6.7,6,1.6,0.7,3.2,2.2,27.3,2006-2007
2,Larry Hughes\hughela01,28,70,68,37.1,5.4,13.6,0.4,1.1,3.2,0.333,4.4,10.4,0.42,0.439,3,4.4,0.676,0.6,3.2,3.8,3.7,1.3,0.4,2.2,2.3,14.9,2006-2007
3,Drew Gooden\goodedr01,25,80,80,28,4.6,9.8,0.473,0,0.1,0.167,4.6,9.7,0.476,0.474,1.8,2.5,0.714,3.3,5.2,8.5,1.1,0.9,0.4,1.4,2.6,11.1,2006-2007
4,Zydrunas Ilgauskas\ilgauzy01,31,78,78,27.3,4.9,10.2,0.485,0,0,0,4.9,10.2,0.486,0.485,2,2.5,0.807,3.1,4.6,7.7,1.6,0.6,1.3,1.8,3.3,11.9,2006-2007
5,Anderson Varejão\varejan01,24,81,6,23.9,2.4,5,0.476,0,0.1,0,2.4,4.8,0.487,0.476,2,3.3,0.616,2.4,4.4,6.7,0.9,0.9,0.6,0.8,3.3,6.8,2006-2007
6,Eric Snow\snower01,33,82,45,23.5,1.6,4,0.417,0,0,0,1.6,3.9,0.422,0.417,0.9,1.4,0.637,0.4,1.9,2.3,4,0.7,0.2,1.4,2.3,4.2,2006-2007
7,Sasha Pavlović\pavloal01,23,67,28,22.9,3.3,7.3,0.453,0.9,2.2,0.405,2.4,5.1,0.474,0.514,1.5,1.9,0.794,0.3,2,2.4,1.6,0.8,0.3,1.5,2.2,9,2006-2007
8,Damon Jones\jonesda01,30,60,0,19.6,2.3,5.9,0.386,1.5,3.9,0.385,0.8,2.1,0.387,0.511,0.5,0.7,0.682,0.2,1,1.1,1.6,0.3,0,0.6,0.9,6.6,2006-2007
9,Donyell Marshall\marshdo01,33,81,0,16.8,2.6,6.1,0.424,1.2,3.3,0.351,1.4,2.7,0.514,0.52,0.7,1,0.663,1.1,2.9,4,0.6,0.5,0.5,0.8,1.6,7,2006-2007
10,Daniel Gibson\gibsoda01,20,60,16,16.5,1.6,3.9,0.424,0.9,2.1,0.419,0.8,1.8,0.43,0.537,0.5,0.7,0.718,0.5,1.1,1.5,1.2,0.4,0.1,0.7,1.6,4.6,2006-2007
11,David Wesley\wesleda01,36,35,5,10.1,0.6,2.1,0.293,0.3,1.1,0.237,0.4,1.1,0.351,0.353,0.6,0.8,0.714,0.1,0.9,1,1.1,0.3,0.1,0.5,0.9,2.1,2006-2007
12,Shannon Brown\brownsh01,21,23,5,8.8,1.2,3.2,0.378,0.3,1.1,0.28,0.9,2.1,0.429,0.426,0.4,0.6,0.714,0.3,0.7,0.9,0.4,0.3,0.1,0.6,1,3.2,2006-2007
13,Ira Newble\newblir01,32,15,1,8.6,1.1,2.5,0.432,0.5,1,0.533,0.5,1.5,0.364,0.541,0.4,0.7,0.6,0.9,1.1,2,0.1,0.4,0,0.2,1.1,3.1,2006-2007
14,Dwayne Jones\jonesdw02,23,4,0,4.5,0,0.3,0,0,0,,0,0.3,0,0,0.8,1.5,0.5,0.3,1.3,1.5,0,0,0,0.5,0.8,0.8,2006-2007
15,Scot Pollard\pollasc01,31,24,0,4.5,0.5,1.1,0.423,0,0,,0.5,1.1,0.423,0.423,0.1,0.2,0.5,0.6,0.7,1.3,0.1,0.2,0,0.2,1.1,1,2006-2007
1,LeBron James,23,75,74,40.4,10.6,21.9,0.484,1.5,4.8,0.315,9.1,17.1,0.531,0.518,7.3,10.3,0.712,1.8,6.1,7.9,7.2,1.8,1.1,3.4,2.2,30,2007-2008
2,Delonte West\westde01,24,26,26,31,3.8,8.7,0.44,1.1,3,0.367,2.7,5.6,0.479,0.504,1.6,2,0.788,0.7,3,3.7,4.5,1.1,0.7,2,2.3,10.3,2007-2008
3,Drew Gooden\goodedr01,26,51,51,30.7,4.5,10.3,0.444,0,0.1,0,4.5,10.2,0.446,0.444,2.2,3,0.728,2.3,6,8.3,1,0.7,0.6,1.8,2.8,11.3,2007-2008
4,Daniel Gibson\gibsoda01,21,58,26,30.4,3.5,8,0.432,2,4.6,0.44,1.4,3.4,0.421,0.559,1.5,1.8,0.81,0.5,1.8,2.3,2.5,0.8,0.2,1.3,2.8,10.4,2007-2008
5,Zydrunas Ilgauskas\ilgauzy01,32,73,73,30.4,5.7,12,0.474,0,0,0,5.7,12,0.475,0.474,2.7,3.3,0.802,3.6,5.7,9.3,1.4,0.5,1.6,1.8,3.4,14.1,2007-2008
6,Larry Hughes\hughela01,29,40,32,30.3,4.5,12,0.377,1.1,3.2,0.341,3.4,8.8,0.389,0.422,2.2,2.7,0.815,0.7,2.9,3.6,2.4,1.5,0.3,1.8,2.3,12.3,2007-2008
7,Anderson Varejão\varejan01,25,48,13,27.5,2.8,6.1,0.461,0,0,0,2.8,6.1,0.464,0.461,1,1.7,0.598,2.8,5.5,8.3,1.1,0.8,0.5,1.2,2.8,6.7,2007-2008
8,Ben Wallace\wallabe01,33,22,22,26.3,1.7,3.7,0.457,0,0,,1.7,3.7,0.457,0.457,0.9,2,0.432,2.7,4.7,7.4,0.6,0.9,1.7,0.8,1.6,4.2,2007-2008
9,Sasha Pavlović\pavloal01,24,51,45,23.3,2.9,7.9,0.362,0.7,2.2,0.298,2.2,5.7,0.388,0.404,1,1.5,0.688,0.7,1.8,2.5,1.6,0.6,0.1,1.1,2.3,7.4,2007-2008
10,Devin Brown\brownde02,29,78,20,22.6,2.8,6.8,0.409,0.6,1.9,0.308,2.2,4.9,0.447,0.451,1.4,1.8,0.754,0.8,2.5,3.4,2.2,0.7,0.1,1.3,1.8,7.5,2007-2008
11,Wally Szczerbiak\szczewa02,30,25,1,22.2,3,8.4,0.359,0.8,2.1,0.365,2.2,6.3,0.357,0.404,1.4,1.6,0.878,0.7,2.5,3.2,1.4,0.4,0.3,0.8,1.4,8.2,2007-2008
12,Joe Smith\smithjo02,32,27,1,21.5,3.2,6.3,0.512,0,0.1,0,3.2,6.2,0.518,0.512,1.7,2.6,0.652,2,3,5,0.7,0.3,0.6,0.8,2.7,8.1,2007-2008
13,Damon Jones\jonesda01,31,67,3,19.9,2.3,5.4,0.416,1.7,4.1,0.417,0.5,1.3,0.414,0.574,0.3,0.4,0.714,0.1,1,1.1,1.9,0.3,0,0.5,1,6.5,2007-2008
14,Ira Newble\newblir01,33,41,13,15.9,1.7,3.9,0.449,0.4,1.1,0.333,1.4,2.8,0.496,0.497,0.5,0.6,0.769,1,1.8,2.8,0.3,0.7,0.2,0.8,1.6,4.3,2007-2008
15,Shannon Brown\brownsh01,22,15,4,14.5,2.7,7.4,0.369,0.6,1.9,0.31,2.1,5.5,0.39,0.41,0.9,1.5,0.609,0.3,0.9,1.2,1.1,0.7,0.1,1.3,1.8,7,2007-2008
16,Donyell Marshall\marshdo01,34,11,1,14.2,1.2,4,0.295,0.7,2.1,0.348,0.5,1.9,0.238,0.386,0.6,0.8,0.778,0.8,1.9,2.7,0.5,0.2,0.8,0.5,1.5,3.7,2007-2008
17,Eric Snow\snower01,34,22,5,13.9,0.3,1.7,0.158,0,0.1,0,0.3,1.6,0.167,0.158,0.5,1,0.455,0.2,0.7,0.9,1.9,0.5,0.2,0.5,1.4,1,2007-2008
18,Cedric Simmons\simmoce01,22,7,0,9.7,0.3,0.9,0.333,0,0,,0.3,0.9,0.333,0.333,0,1.1,0,0.7,1.4,2.1,0,0.3,0.7,0.6,1,0.6,2007-2008
19,Dwayne Jones\jonesdw02,24,56,0,8.4,0.4,0.8,0.532,0,0,0,0.4,0.8,0.543,0.532,0.5,1,0.483,1.2,1.3,2.5,0.2,0.2,0.4,0.3,1.6,1.4,2007-2008
20,Billy Thomas\thomabi01,32,7,0,4.9,0.6,2,0.286,0.6,1.9,0.308,0,0.1,0,0.429,0,0,,0,0.3,0.3,0,0.1,0,0.4,0.6,1.7,2007-2008
21,Demetris Nichols\nichode01,23,3,0,4.7,0.3,2.7,0.125,0,1,0,0.3,1.7,0.2,0.125,0,0,,0,0.3,0.3,0,0,0,0.7,0,0.7,2007-2008
22,Lance Allred\allrela01,26,3,0,3.3,0.3,1.3,0.25,0,0,,0.3,1.3,0.25,0.25,0.3,0.7,0.5,0,0.3,0.3,0,0,0,0,0.3,1,2007-2008
23,Kaniel Dickens\dickeka01,29,5,0,2.4,0.2,0.6,0.333,0,0,,0.2,0.6,0.333,0.333,0,0,,0,0.2,0.2,0.2,0,0.2,0,0.2,0.4,2007-2008
1,LeBron James,24,81,81,37.7,9.7,19.9,0.489,1.6,4.7,0.344,8.1,15.2,0.535,0.53,7.3,9.4,0.78,1.3,6.3,7.6,7.2,1.7,1.1,3,1.7,28.4,2008-2009
2,Mo Williams\willima01,26,81,81,35,6.5,13.9,0.467,2.3,5.2,0.436,4.2,8.7,0.486,0.548,2.6,2.8,0.912,0.6,2.9,3.4,4.1,0.9,0.1,2.2,2.7,17.8,2008-2009
3,Delonte West\westde01,25,64,64,33.6,4.5,9.8,0.457,1.4,3.6,0.399,3,6.2,0.49,0.53,1.4,1.7,0.833,0.5,2.7,3.2,3.5,1.5,0.2,1.4,2,11.7,2008-2009
4,Anderson Varejão\varejan01,26,81,42,28.5,3.3,6.2,0.536,0,0,0,3.3,6.2,0.538,0.536,1.9,3.1,0.616,2,5.1,7.2,1,0.9,0.8,1,3,8.6,2008-2009
5,Zydrunas Ilgauskas\ilgauzy01,33,65,65,27.2,5.3,11.1,0.472,0.2,0.6,0.385,5,10.5,0.477,0.483,2.1,2.7,0.799,2.4,5.1,7.5,1,0.4,1.3,1.4,2.8,12.9,2008-2009
6,Daniel Gibson\gibsoda01,22,75,0,23.9,2.7,7,0.391,1.4,3.8,0.382,1.3,3.3,0.402,0.493,0.9,1.1,0.767,0.4,1.7,2.1,1.8,0.6,0.2,0.8,2.2,7.8,2008-2009
7,Ben Wallace\wallabe01,34,56,53,23.5,1.2,2.8,0.445,0,0,,1.2,2.8,0.445,0.445,0.5,1.1,0.422,2.4,4,6.5,0.8,0.9,1.3,0.6,1.5,2.9,2008-2009
8,Wally Szczerbiak\szczewa02,31,74,5,20.6,2.4,5.4,0.45,0.9,2.3,0.411,1.5,3.1,0.478,0.536,1.2,1.4,0.849,0.6,2.6,3.1,1.1,0.4,0.1,0.7,1.8,7,2008-2009
9,Joe Smith\smithjo02,33,21,0,19.6,2.7,5.5,0.496,0,0.1,0.333,2.7,5.3,0.5,0.5,1,1.3,0.75,1.7,3,4.8,0.8,0.3,0.7,0.5,2.4,6.5,2008-2009
10,Sasha Pavlović\pavloal01,25,66,12,16,1.8,4.2,0.422,0.7,1.8,0.41,1,2.4,0.43,0.509,0.4,0.8,0.463,0.5,1.5,1.9,1.1,0.3,0.2,0.7,1.8,4.6,2008-2009
11,J.J. Hickson\hicksjj01,20,62,0,11.4,1.6,3.1,0.515,0,0,,1.6,3.1,0.515,0.515,0.7,1.1,0.672,0.8,1.8,2.7,0.1,0.2,0.5,0.7,1.3,4,2008-2009
12,Darnell Jackson\jacksda01,23,51,2,8.4,0.7,1.7,0.43,0,0,0,0.7,1.6,0.44,0.43,0.5,0.7,0.686,0.6,1.1,1.7,0.2,0.2,0.1,0.3,1.5,1.9,2008-2009
13,Lorenzen Wright\wrighlo02,33,17,2,7.4,0.6,1.6,0.37,0,0,,0.6,1.6,0.37,0.37,0.2,0.5,0.375,0.4,1.1,1.5,0.2,0.2,0.3,0.5,1,1.4,2008-2009
14,Tarence Kinsey\kinseta01,24,50,3,5.5,0.6,1.4,0.449,0.1,0.4,0.389,0.5,1,0.471,0.5,0.7,0.8,0.868,0.2,0.6,0.8,0.2,0.2,0,0.4,0.7,2,2008-2009
15,Trey Johnson\johnstr01,24,4,0,3.5,0,1.3,0,0,0,,0,1.3,0,0,1,1,1,0,0.3,0.3,0,0,0,0.3,1,1,2008-2009
16,Jawad Williams\willija04,25,10,0,2,0.5,1.2,0.417,0.2,0.6,0.333,0.3,0.6,0.5,0.5,0,0,,0.1,0.1,0.2,0,0.1,0,0.1,0.2,1.2,2008-2009
1,LeBron James,25,76,76,39,10.1,20.1,0.503,1.7,5.1,0.333,8.4,15,0.56,0.545,7.8,10.2,0.767,0.9,6.4,7.3,8.6,1.6,1,3.4,1.6,29.7,2009-2010
2,Mo Williams\willima01,27,69,68,34.2,5.5,12.4,0.442,2.3,5.4,0.429,3.2,7,0.452,0.535,2.6,2.9,0.894,0.4,2.6,3,5.3,1,0.3,2.5,2.5,15.8,2009-2010
3,Antawn Jamison\jamisan01,33,25,23,32.4,6.5,13.4,0.485,1.1,3.2,0.342,5.4,10.3,0.529,0.525,1.7,3.3,0.506,1.5,6.2,7.7,1.3,1.1,0.5,1.2,2.7,15.8,2009-2010
4,Anderson Varejão\varejan01,27,76,7,28.5,3.5,6.1,0.572,0,0.1,0.2,3.5,6.1,0.576,0.573,1.5,2.3,0.663,2.5,5.1,7.6,1.1,0.9,0.9,0.9,2.9,8.6,2009-2010
5,Anthony Parker\parkean01,34,81,81,28.3,2.5,5.9,0.434,1.3,3.2,0.414,1.2,2.6,0.458,0.547,0.9,1.2,0.789,0.4,2.5,2.9,1.9,0.8,0.2,0.9,1.9,7.3,2009-2010
6,Delonte West\westde01,26,60,3,25,3.2,7.3,0.445,0.4,1.3,0.325,2.8,6,0.471,0.474,1.9,2.4,0.81,0.5,2.3,2.8,3.3,0.9,0.5,1.5,1.4,8.8,2009-2010
7,Shaquille O'Neal\onealsh01,37,53,53,23.4,4.9,8.7,0.566,0,0,0,4.9,8.7,0.567,0.566,2.1,4.3,0.496,1.8,4.9,6.7,1.5,0.3,1.2,2,3.2,12,2009-2010
8,J.J. Hickson\hicksjj01,21,81,73,20.9,3.6,6.4,0.554,0,0,0,3.6,6.4,0.555,0.554,1.4,2,0.681,1.4,3.6,4.9,0.5,0.4,0.5,1.1,1.6,8.5,2009-2010
9,Zydrunas Ilgauskas\ilgauzy01,34,64,6,20.9,3,6.8,0.443,0.2,0.4,0.478,2.9,6.5,0.441,0.455,1.2,1.6,0.743,1.8,3.6,5.4,0.8,0.2,0.8,1,2.9,7.4,2009-2010
10,Sebastian Telfair\telfase01,24,4,0,19.3,4,8.8,0.457,0.5,2.3,0.222,3.5,6.5,0.538,0.486,1.3,1.5,0.833,0,1,1,3,0.5,0,1.5,1.5,9.8,2009-2010
11,Daniel Gibson\gibsoda01,23,56,10,19.1,2.2,4.8,0.466,1.3,2.7,0.477,1,2.1,0.454,0.599,0.6,0.9,0.694,0.2,1.1,1.3,1.3,0.4,0.1,0.6,1.4,6.3,2009-2010
12,Jamario Moon\moonja01,29,61,2,17.2,1.9,4,0.462,0.5,1.6,0.32,1.3,2.4,0.558,0.526,0.6,0.7,0.8,0.4,2.7,3.1,0.8,0.6,0.5,0.4,1.1,4.9,2009-2010
13,Jawad Williams\willija04,26,54,6,13.7,1.5,3.8,0.393,0.6,1.7,0.323,0.9,2.1,0.451,0.466,0.6,0.8,0.711,0.3,1.2,1.5,0.6,0.2,0.1,0.3,1.4,4.1,2009-2010
14,Leon Powe\powele01,26,20,2,11.8,1.1,2.5,0.429,0,0,,1.1,2.5,0.429,0.429,1.9,3.2,0.587,1,2.1,3.1,0,0.3,0.1,0.6,1.8,4,2009-2010
15,Danny Green\greenda02,22,20,0,5.8,0.8,2,0.385,0.3,1.1,0.273,0.5,0.9,0.529,0.462,0.2,0.3,0.667,0.4,0.5,0.9,0.3,0.3,0.2,0.3,0.5,2,2009-2010
16,Darnell Jackson\jacksda01,24,27,0,4.2,0.3,0.9,0.32,0,0.1,0.333,0.3,0.8,0.318,0.34,0.1,0.2,0.667,0.3,0.4,0.7,0.1,0.1,0.1,0.5,0.7,0.8,2009-2010
17,Cedric Jackson\jacksce01,23,5,0,2,0,0.4,0,0,0.2,0,0,0.2,0,0,0.2,0.8,0.25,0,0.2,0.2,0.4,0,0,0.2,0,0.2,2009-2010
18,Coby Karl\karlco01,26,3,0,1.7,0,0,,0,0,,0,0,,,0,0,,0,0.7,0.7,0,0,0,1.3,0,0,2009-2010
1,LeBron James,26,79,79,38.8,9.6,18.8,0.51,1.2,3.5,0.33,8.4,15.3,0.552,0.541,6.4,8.4,0.759,1,6.5,7.5,7,1.6,0.6,3.6,2.1,26.7,2010-2011
2,Dwyane Wade\wadedw01,29,76,76,37.1,9.1,18.2,0.5,0.8,2.7,0.306,8.3,15.5,0.534,0.523,6.5,8.6,0.758,1.6,4.8,6.4,4.6,1.5,1.1,3.1,2.6,25.5,2010-2011
3,Chris Bosh\boshch01,26,77,77,36.3,6.8,13.7,0.496,0.1,0.3,0.24,6.7,13.4,0.502,0.499,5,6.1,0.815,1.8,6.5,8.3,1.9,0.8,0.6,1.8,2.2,18.7,2010-2011
4,Mike Bibby\bibbymi01,32,22,12,26.5,2.5,5.7,0.437,1.8,4,0.455,0.7,1.7,0.395,0.595,0.5,0.7,0.625,0.1,2.1,2.2,2.5,0.5,0.1,1.5,2.1,7.3,2010-2011
5,Udonis Haslem\hasleud01,30,13,0,26.5,3.4,6.6,0.512,0,0,,3.4,6.6,0.512,0.512,1.2,1.5,0.8,2.2,5.9,8.2,0.5,0.5,0.2,1.1,3,8,2010-2011
6,Mario Chalmers\chalmma01,24,70,28,22.6,2.2,5.5,0.399,1.2,3.3,0.359,1,2.2,0.459,0.506,0.8,0.9,0.871,0.2,1.9,2.1,2.5,1.1,0.1,1.3,2.3,6.4,2010-2011
7,Mike Miller\millemi01,30,41,2,20.4,2,4.9,0.401,1,2.9,0.364,0.9,2,0.452,0.507,0.6,0.8,0.676,0.9,3.6,4.5,1.2,0.5,0,1,2.1,5.6,2010-2011
8,Carlos Arroyo\arroyca01,31,49,42,20.3,2.2,4.9,0.458,0.6,1.3,0.438,1.7,3.6,0.466,0.517,0.6,0.7,0.8,0.3,1.4,1.6,2,0.3,0,0.9,1.2,5.6,2010-2011
9,Joel Anthony\anthojo01,28,75,11,19.5,0.7,1.3,0.535,0,0,,0.7,1.3,0.535,0.535,0.6,1,0.644,1.4,2.2,3.5,0.3,0.1,1.2,0.5,2.6,2,2010-2011
10,James Jones\jonesja02,30,81,8,19.1,1.8,4.3,0.422,1.5,3.5,0.429,0.3,0.7,0.39,0.6,0.7,0.9,0.833,0.3,1.7,2,0.5,0.4,0.2,0.3,1.6,5.9,2010-2011
11,Eddie House\houseed01,32,56,1,17.5,2.3,5.7,0.399,1.2,3.1,0.389,1.1,2.6,0.411,0.505,0.7,0.7,0.95,0.2,1.5,1.6,1.1,0.6,0.1,0.5,1.2,6.5,2010-2011
12,Erick Dampier\dampier01,35,51,22,16,1,1.7,0.584,0,0,0,1,1.7,0.591,0.584,0.5,0.9,0.545,1,2.4,3.5,0.4,0.3,0.9,0.6,1.6,2.5,2010-2011
13,Zydrunas Ilgauskas\ilgauzy01,35,72,51,15.9,2.3,4.4,0.508,0,0,0,2.3,4.4,0.509,0.508,0.5,0.6,0.783,1.5,2.5,4,0.4,0.3,0.8,0.7,2.6,5,2010-2011
14,Juwan Howard\howarju01,37,57,0,10.4,1,2.2,0.44,0,0,,1,2.2,0.44,0.44,0.5,0.6,0.829,0.6,1.5,2.1,0.4,0.2,0.1,0.4,1.1,2.4,2010-2011
15,Jamaal Magloire\magloja01,32,18,0,8.8,0.7,1.2,0.591,0,0,,0.7,1.2,0.591,0.591,0.5,1,0.5,0.9,2.4,3.4,0.2,0.2,0.1,0.3,1.4,1.9,2010-2011
16,Jerry Stackhouse\stackje01,36,7,1,7.1,0.4,1.7,0.25,0.1,0.6,0.25,0.3,1.1,0.25,0.292,0.7,1,0.714,0.1,0.9,1,0.4,0,0.3,0.3,0.4,1.7,2010-2011
17,Dexter Pittman\pittmde01,22,2,0,5.5,0.5,1.5,0.333,0,0,,0.5,1.5,0.333,0.333,0,0,,0.5,1,1.5,0,0,0,1,1,1,2010-2011
1,LeBron James,27,62,62,37.5,10,18.9,0.531,0.9,2.4,0.362,9.1,16.5,0.556,0.554,6.2,8.1,0.771,1.5,6.4,7.9,6.2,1.9,0.8,3.4,1.5,27.1,2011-2012
2,Chris Bosh\boshch01,27,57,57,35.2,6.9,14.2,0.487,0.2,0.6,0.286,6.7,13.5,0.496,0.493,4,4.9,0.821,1.6,6.3,7.9,1.8,0.9,0.8,2.1,2.2,18,2011-2012
3,Dwyane Wade\wadedw01,30,49,49,33.2,8.5,17.1,0.497,0.3,1.1,0.268,8.2,15.9,0.513,0.506,4.8,6.1,0.791,1.5,3.3,4.8,4.6,1.7,1.3,2.6,2.2,22.1,2011-2012
4,Mario Chalmers\chalmma01,25,64,64,28.5,3.5,7.8,0.448,1.6,4.1,0.388,1.9,3.7,0.513,0.549,1.3,1.6,0.792,0.3,2.4,2.7,3.5,1.5,0.2,2.2,2.6,9.8,2011-2012
5,Udonis Haslem\hasleud01,31,64,10,24.8,2.4,5.6,0.423,0,0,,2.4,5.6,0.423,0.423,1.3,1.6,0.814,1.8,5.5,7.3,0.7,0.5,0.4,0.9,2.2,6,2011-2012
6,Shane Battier\battish01,33,65,10,23.1,1.7,4.5,0.387,1,2.8,0.339,0.8,1.7,0.468,0.493,0.4,0.6,0.622,0.9,1.5,2.4,1.3,1,0.5,0.6,1.6,4.8,2011-2012
7,Joel Anthony\anthojo01,29,64,51,21.1,1.3,2.4,0.559,0,0,,1.3,2.4,0.559,0.559,0.8,1.1,0.69,1.6,2.3,3.9,0.1,0.6,1.3,0.7,2,3.4,2011-2012
8,Norris Cole\coleno01,23,65,2,19.4,2.7,6.9,0.393,0.3,1.2,0.276,2.4,5.8,0.417,0.417,1,1.3,0.776,0.3,1.1,1.4,2,0.7,0,1.6,1.9,6.8,2011-2012
9,Mike Miller\millemi01,31,39,2,19.3,2.3,5.4,0.435,1.4,3,0.453,1,2.4,0.413,0.562,0.1,0.1,0.4,0.6,2.7,3.3,1.1,0.4,0.2,0.8,1.5,6.1,2011-2012
10,Ronny Turiaf\turiaro01,29,13,5,17,1.2,2.3,0.533,0,0.1,0,1.2,2.2,0.552,0.533,1,1.7,0.591,1.5,3,4.5,0.4,0.6,1.1,0.6,2.5,3.5,2011-2012
11,Terrel Harris\harrite01,24,22,1,14.5,1.3,3.8,0.349,0.4,1.8,0.205,1,2,0.477,0.398,0.6,1,0.667,0.8,1.5,2.3,1.2,0.4,0.1,1.1,1.5,3.6,2011-2012
12,James Jones\jonesja02,31,51,10,13.1,1.1,2.9,0.38,0.9,2.2,0.404,0.2,0.7,0.306,0.533,0.5,0.6,0.833,0.1,0.8,1,0.4,0.3,0.2,0.2,0.9,3.6,2011-2012
13,Dexter Pittman\pittmde01,23,35,6,8.6,1.3,2.7,0.468,0,0,,1.3,2.7,0.468,0.468,0.5,0.8,0.643,0.8,1.3,2,0.3,0.2,0.2,0.5,2.1,3,2011-2012
14,Juwan Howard\howarju01,38,28,0,6.8,0.6,2,0.309,0,0,,0.6,2,0.309,0.309,0.3,0.4,0.8,0.6,1,1.7,0.4,0.1,0,0.7,0.6,1.5,2011-2012
15,Eddy Curry\curryed01,29,14,1,5.9,0.9,1.9,0.462,0,0,,0.9,1.9,0.462,0.462,0.4,0.6,0.75,0.3,0.6,0.9,0.1,0,0.1,0.7,1.2,2.1,2011-2012
16,Mickell Gladness\gladnmi01,25,8,0,3.5,0.1,0.4,0.333,0,0,,0.1,0.4,0.333,0.333,0,0,,0.1,1.3,1.4,0.3,0.1,0.1,0.4,1,0.3,2011-2012
1,LeBron James,28,76,76,37.9,10.1,17.8,0.565,1.4,3.3,0.406,8.7,14.5,0.602,0.603,5.3,7,0.753,1.3,6.8,8,7.3,1.7,0.9,3,1.4,26.8,2012-2013
2,Dwyane Wade\wadedw01,31,69,69,34.7,8.2,15.8,0.521,0.2,1,0.258,8,14.9,0.537,0.528,4.5,6.2,0.725,1.2,3.7,5,5.1,1.9,0.8,2.8,2,21.2,2012-2013
3,Chris Bosh\boshch01,28,74,74,33.2,6.6,12.3,0.535,0.3,1,0.284,6.3,11.3,0.557,0.546,3.3,4.1,0.798,1.8,5,6.8,1.7,0.9,1.4,1.7,2.3,16.6,2012-2013
4,Mario Chalmers\chalmma01,26,77,77,26.9,2.9,6.9,0.429,1.6,3.9,0.409,1.4,3,0.456,0.545,1.2,1.5,0.795,0.2,2,2.2,3.5,1.5,0.2,1.5,2.5,8.6,2012-2013
5,Ray Allen\allenra02,37,79,0,25.8,3.7,8.2,0.449,1.8,4.2,0.419,1.9,4,0.48,0.555,1.8,2,0.886,0.5,2.2,2.7,1.7,0.8,0.2,1.3,1.6,10.9,2012-2013
6,Shane Battier\battish01,34,72,20,24.8,2.1,5,0.42,1.9,4.4,0.43,0.2,0.6,0.348,0.608,0.4,0.5,0.842,0.5,1.8,2.3,1,0.6,0.8,0.5,2.1,6.6,2012-2013
7,Norris Cole\coleno01,24,80,4,19.9,2.2,5.3,0.421,0.4,1.2,0.357,1.8,4.1,0.44,0.462,0.7,1,0.65,0.2,1.4,1.6,2.1,0.7,0.1,1.3,1.9,5.6,2012-2013
8,Udonis Haslem\hasleud01,32,75,59,18.9,1.7,3.3,0.514,0,0,,1.7,3.3,0.514,0.514,0.4,0.6,0.711,1.3,4.1,5.4,0.5,0.4,0.2,0.6,2.3,3.9,2012-2013
9,Mike Miller\millemi01,32,59,17,15.3,1.7,3.9,0.433,1.2,3,0.417,0.5,0.9,0.482,0.591,0.1,0.2,0.727,0.3,2.4,2.7,1.7,0.4,0.1,0.6,1.1,4.8,2012-2013
10,Chris Andersen\anderch01,34,42,0,14.9,1.7,2.9,0.577,0,0.1,0.667,1.6,2.9,0.575,0.585,1.5,2.2,0.677,1.4,2.7,4.1,0.4,0.4,1,0.6,2.1,4.9,2012-2013
11,Rashard Lewis\lewisra02,33,55,9,14.4,1.9,4.5,0.414,0.9,2.4,0.389,0.9,2.1,0.441,0.516,0.5,0.8,0.622,0.3,1.9,2.2,0.5,0.4,0.3,0.6,1.2,5.2,2012-2013
12,Joel Anthony\anthojo01,30,62,3,9.1,0.6,1.1,0.515,0,0,,0.6,1.1,0.515,0.515,0.3,0.5,0.607,0.7,1.1,1.9,0.2,0.2,0.7,0.4,0.8,1.4,2012-2013
13,Juwan Howard\howarju01,39,7,2,7.3,1.4,2.7,0.526,0,0,,1.4,2.7,0.526,0.526,0.1,0.1,1,0,1.1,1.1,0.9,0,0,0.6,1.3,3,2012-2013
14,James Jones\jonesja02,32,38,0,5.8,0.6,1.6,0.344,0.4,1.4,0.302,0.1,0.2,0.625,0.475,0.1,0.1,0.5,0,0.6,0.6,0.3,0.1,0.2,0.1,0.4,1.6,2012-2013
15,Josh Harrellson\harrejo01,23,6,0,5.2,0.7,1.5,0.444,0.2,0.8,0.2,0.5,0.7,0.75,0.5,0.2,0.3,0.5,0.5,0.7,1.2,0,0.2,0.2,0.5,0.7,1.7,2012-2013
16,Jarvis Varnado\varnaja01,24,8,0,5,0.1,0.4,0.333,0,0,,0.1,0.4,0.333,0.333,0,0,,0.1,0.6,0.8,0.3,0,0.3,0.6,1.1,0.3,2012-2013
17,Terrel Harris\harrite01,25,7,0,4.1,0.3,1.1,0.25,0,0.1,0,0.3,1,0.286,0.25,0.9,1.1,0.75,0.6,0.7,1.3,0.3,0,0,0.6,0.4,1.4,2012-2013
18,Dexter Pittman\pittmde01,24,4,0,3,0.8,1.3,0.6,0,0,,0.8,1.3,0.6,0.6,0,0,,1,0.8,1.8,0,0,0,0.5,1,1.5,2012-2013
1,LeBron James,29,77,77,37.7,10,17.6,0.567,1.5,4,0.379,8.5,13.6,0.622,0.61,5.7,7.6,0.75,1.1,5.9,6.9,6.3,1.6,0.3,3.5,1.6,27.1,2013-2014
2,Dwyane Wade\wadedw01,32,54,53,32.9,7.7,14.1,0.545,0.2,0.6,0.281,7.5,13.5,0.557,0.551,3.5,4.8,0.733,1.1,3.4,4.5,4.7,1.5,0.5,3,2,19,2013-2014
3,Chris Bosh\boshch01,29,79,79,32,6.2,12.1,0.516,0.9,2.8,0.339,5.3,9.3,0.569,0.555,2.8,3.4,0.82,1.2,5.4,6.6,1.1,1,1,1.6,2.4,16.2,2013-2014
4,Mario Chalmers\chalmma01,27,73,73,29.8,3.5,7.7,0.454,1.2,3.1,0.385,2.3,4.6,0.5,0.531,1.7,2.2,0.742,0.6,2.4,2.9,4.9,1.6,0.2,2.2,2.9,9.8,2013-2014
5,Ray Allen\allenra02,38,73,9,26.5,3.3,7.4,0.442,1.6,4.2,0.375,1.7,3.2,0.53,0.549,1.4,1.6,0.905,0.3,2.5,2.8,2,0.7,0.1,1.2,1.6,9.6,2013-2014
6,Norris Cole\coleno01,25,82,6,24.6,2.5,6.1,0.414,0.7,2.1,0.345,1.8,4,0.451,0.474,0.6,0.8,0.779,0.2,1.7,2,3,0.9,0.1,1.5,1.9,6.4,2013-2014
7,Shane Battier\battish01,35,73,56,20.1,1.4,3.8,0.382,1,2.9,0.348,0.4,0.9,0.492,0.515,0.2,0.3,0.652,0.5,1.4,1.9,0.9,0.7,0.5,0.3,1.7,4.1,2013-2014
8,Chris Andersen\anderch01,35,72,0,19.4,2.5,3.8,0.644,0,0.2,0.25,2.4,3.7,0.662,0.649,1.7,2.3,0.71,1.8,3.5,5.3,0.3,0.4,1.3,0.7,2.3,6.6,2013-2014
9,Rashard Lewis\lewisra02,34,60,6,16.2,1.6,3.9,0.415,0.8,2.2,0.343,0.9,1.7,0.51,0.513,0.4,0.6,0.788,0.4,1.4,1.8,1,0.9,0.1,0.6,1.5,4.5,2013-2014
10,Toney Douglas\douglto01,27,27,17,15.2,1.5,3.9,0.394,0.4,1.6,0.279,1.1,2.3,0.475,0.452,0.7,1,0.769,0.5,1.7,2.3,1.8,0.5,0.1,0.7,1.7,4.2,2013-2014
11,Michael Beasley\beaslmi01,25,55,2,15.1,3.2,6.5,0.499,0.4,1,0.389,2.8,5.5,0.518,0.528,1.1,1.4,0.772,0.6,2.6,3.1,0.8,0.4,0.4,1,1.7,7.9,2013-2014
12,Udonis Haslem\hasleud01,33,46,18,14.2,1.6,3.2,0.507,0,0,,1.6,3.2,0.507,0.507,0.5,1,0.568,0.9,2.9,3.8,0.3,0.2,0.3,0.5,1.7,3.8,2013-2014
13,James Jones\jonesja02,33,20,6,11.8,1.6,3.4,0.456,1.4,2.7,0.519,0.2,0.7,0.214,0.662,0.4,0.6,0.636,0.1,1.1,1.2,0.5,0.2,0.2,0.2,0.3,4.9,2013-2014
14,Roger Mason\masonro01,33,25,2,10.4,1,2.7,0.373,0.7,1.9,0.354,0.3,0.8,0.421,0.5,0.3,0.3,1,0,0.8,0.9,0.8,0.2,0,0.4,1,3,2013-2014
15,Justin Hamilton\hamilju01,23,7,0,9.7,1.3,2.9,0.45,0.4,1.3,0.333,0.9,1.6,0.545,0.525,0.7,0.7,1,0.6,0.4,1,0,0.6,0,0.4,1.1,3.7,2013-2014
16,Greg Oden\odengr01,26,23,6,9.2,1.2,2.1,0.551,0,0,,1.2,2.1,0.551,0.551,0.6,1,0.565,1,1.3,2.3,0,0.3,0.6,0.5,2.3,2.9,2013-2014
17,Joel Anthony\anthojo01,31,12,0,3.1,0.2,0.5,0.333,0,0,,0.2,0.5,0.333,0.333,0.2,0.2,1,0.2,0.4,0.6,0,0,0.3,0.1,0.3,0.5,2013-2014
18,DeAndre Liggins\liggide01,25,1,0,1,1,1,1,0,0,,1,1,1,1,0,0,,1,0,1,0,0,0,0,0,2,2013-2014
1,Kyrie Irving\irvinky01,22,75,75,36.4,7.7,16.5,0.468,2.1,5,0.415,5.6,11.4,0.491,0.532,4.2,4.9,0.863,0.7,2.4,3.2,5.2,1.5,0.3,2.5,1.9,21.7,2014-2015
2,LeBron James,30,69,69,36.1,9,18.5,0.488,1.7,4.9,0.354,7.3,13.6,0.536,0.535,5.4,7.7,0.71,0.7,5.3,6,7.4,1.6,0.7,3.9,2,25.3,2014-2015
3,Kevin Love\loveke01,26,75,75,33.8,5.5,12.7,0.434,1.9,5.2,0.367,3.6,7.5,0.48,0.509,3.4,4.3,0.804,1.9,7.9,9.7,2.2,0.7,0.5,1.6,1.9,16.4,2014-2015
4,J.R. Smith\smithjr01,29,46,45,31.8,4.7,11,0.425,2.8,7.3,0.39,1.8,3.7,0.494,0.555,0.6,0.7,0.818,0.6,2.9,3.5,2.5,1.4,0.4,1.1,2.6,12.7,2014-2015
5,Tristan Thompson\thomptr01,23,82,15,26.8,3.3,6,0.547,0,0,,3.3,6,0.547,0.547,1.9,3,0.641,3.3,4.7,8,0.5,0.4,0.7,1,2.3,8.5,2014-2015
6,Timofey Mozgov\mozgoti01,28,46,45,25,4.3,7.3,0.59,0,0,,4.3,7.3,0.59,0.59,2,2.8,0.708,2.4,4.5,6.9,0.8,0.4,1.2,1.5,2.5,10.6,2014-2015
7,Anderson Varejão\varejan01,32,26,26,24.5,4.3,7.7,0.555,0,0.1,0,4.3,7.6,0.561,0.555,1.3,1.7,0.733,2.2,4.3,6.5,1.3,0.7,0.6,1.3,2.2,9.8,2014-2015
8,Iman Shumpert\shumpim01,24,38,1,24.2,2.8,6.7,0.41,1.2,3.4,0.338,1.6,3.3,0.484,0.496,0.5,0.7,0.667,0.9,2.9,3.8,1.5,1.3,0.3,1.3,1.9,7.2,2014-2015
9,Dion Waiters\waitedi01,23,33,3,23.8,4.2,10.4,0.404,0.7,2.6,0.256,3.5,7.8,0.453,0.436,1.4,1.8,0.783,0.4,1.4,1.7,2.2,1.3,0.3,1.5,1.8,10.5,2014-2015
10,Matthew Dellavedova\dellama01,24,67,13,20.6,1.7,4.6,0.362,1,2.5,0.407,0.6,2.1,0.307,0.472,0.4,0.6,0.763,0.6,1.3,1.9,3,0.4,0,0.9,2.3,4.8,2014-2015
11,Shawn Marion\mariosh01,36,57,24,19.3,2.1,4.7,0.446,0.2,0.8,0.261,1.9,3.9,0.484,0.468,0.5,0.6,0.765,1.1,2.4,3.5,0.9,0.5,0.5,0.6,1,4.8,2014-2015
12,Mike Miller\millemi01,34,52,15,13.5,0.7,2.2,0.325,0.6,1.9,0.327,0.1,0.3,0.313,0.465,0.1,0.1,0.75,0.1,1.7,1.8,0.9,0.3,0.1,0.4,1.4,2.1,2014-2015
13,James Jones\jonesja02,34,57,2,11.7,1.3,3.5,0.368,1.1,3.1,0.36,0.2,0.5,0.423,0.525,0.7,0.8,0.848,0.2,0.9,1.1,0.4,0.2,0.1,0.2,1.2,4.4,2014-2015
14,Kendrick Perkins\perkike01,30,17,0,9.8,1.2,2.4,0.488,0,0,,1.2,2.4,0.488,0.488,0.2,0.5,0.5,0.6,1.8,2.4,0.5,0.1,0.2,1.2,1.6,2.6,2014-2015
15,Joe Harris\harrijo01,23,51,1,9.7,0.9,2.4,0.4,0.6,1.6,0.369,0.3,0.7,0.472,0.529,0.2,0.3,0.6,0.1,0.7,0.8,0.5,0.1,0,0.5,1.2,2.7,2014-2015
16,Will Cherry\cherrwi01,23,8,0,8.6,0.6,2.4,0.263,0.3,1.1,0.222,0.4,1.3,0.3,0.316,0.4,0.8,0.5,0.1,0.5,0.6,1,0.8,0.1,0.5,1.3,1.9,2014-2015
17,A.J. Price\priceaj01,28,11,0,7.9,0.8,3.1,0.265,0,1,0,0.8,2.1,0.391,0.265,0.4,0.5,0.667,0.4,1,1.4,1.2,0.3,0,0.3,0.1,2,2014-2015
18,Lou Amundson\amundlo01,32,12,0,6.6,0.3,1,0.333,0,0,,0.3,1,0.333,0.333,0.3,0.4,0.6,0.4,1.3,1.7,0.4,0.1,0,0.4,0.9,0.9,2014-2015
19,Brendan Haywood\haywobr01,35,22,1,5.4,0.6,1.4,0.467,0,0,,0.6,1.4,0.467,0.467,0.3,0.6,0.538,0.3,1,1.3,0.1,0.1,0.5,0.5,0.8,1.6,2014-2015
20,Alex Kirk\kirkal01,23,5,0,2.8,0.2,0.8,0.25,0,0,,0.2,0.8,0.25,0.25,0.4,0.4,1,0.2,0,0.2,0.2,0,0,0,0.2,0.8,2014-2015
1,Dahntay Jones\jonesda02,35,1,0,42,6,14,0.429,1,2,0.5,5,12,0.417,0.464,0,0,,1,4,5,2,1,2,0,6,13,2015-2016
2,LeBron James,31,76,76,35.6,9.7,18.6,0.52,1.1,3.7,0.309,8.6,14.9,0.573,0.551,4.7,6.5,0.731,1.5,6,7.4,6.8,1.4,0.6,3.3,1.9,25.3,2015-2016
3,Kyrie Irving\irvinky01,23,53,53,31.5,7.4,16.6,0.448,1.6,4.9,0.321,5.8,11.6,0.502,0.496,3.2,3.6,0.885,0.8,2.1,3,4.7,1.1,0.3,2.3,2,19.6,2015-2016
4,Kevin Love\loveke01,27,77,77,31.5,5.3,12.7,0.419,2.1,5.7,0.36,3.3,7,0.467,0.499,3.4,4.1,0.822,1.9,8,9.9,2.4,0.8,0.5,1.8,2.1,16,2015-2016
5,J.R. Smith\smithjr01,30,77,77,30.7,4.6,11,0.415,2.6,6.6,0.4,1.9,4.4,0.438,0.535,0.6,0.9,0.634,0.6,2.3,2.8,1.7,1.1,0.3,0.8,2.6,12.4,2015-2016
6,Tristan Thompson\thomptr01,24,82,34,27.7,3,5.1,0.588,0,0,,3,5.1,0.588,0.588,1.8,3,0.616,3.3,5.7,9,0.8,0.5,0.6,0.7,2.5,7.8,2015-2016
7,Matthew Dellavedova\dellama01,25,76,14,24.6,2.7,6.7,0.405,1.3,3.1,0.41,1.4,3.6,0.401,0.501,0.8,0.9,0.864,0.4,1.7,2.1,4.4,0.6,0.1,1.5,2.3,7.5,2015-2016
8,Iman Shumpert\shumpim01,25,54,5,24.4,2.1,5.6,0.374,0.8,2.7,0.295,1.3,2.9,0.447,0.444,0.7,0.9,0.784,0.6,3.2,3.8,1.7,1,0.4,1.1,2.2,5.8,2015-2016
9,Mo Williams\willima01,33,41,14,18.2,3.2,7.4,0.437,0.9,2.5,0.353,2.3,4.9,0.48,0.497,0.9,1,0.905,0.1,1.6,1.8,2.4,0.3,0.1,1.4,1.5,8.2,2015-2016
10,Richard Jefferson\jefferi01,35,74,5,17.9,1.9,4.2,0.458,0.9,2.3,0.382,1,1.9,0.554,0.564,0.8,1.2,0.667,0.2,1.5,1.7,0.8,0.4,0.2,0.6,1.7,5.5,2015-2016
11,Timofey Mozgov\mozgoti01,29,76,48,17.4,2.7,4.7,0.565,0,0.1,0.143,2.7,4.6,0.574,0.567,0.9,1.3,0.716,1.4,3,4.4,0.4,0.3,0.8,0.9,2.1,6.3,2015-2016
12,Channing Frye\fryech01,32,26,3,17.2,2.7,6.2,0.441,1.7,4.4,0.377,1.1,1.8,0.596,0.575,0.4,0.5,0.786,0.5,3.1,3.6,1,0.3,0.3,0.5,2.2,7.5,2015-2016
13,Anderson Varejão\varejan01,33,31,0,10,1,2.5,0.421,0,0,0,1,2.4,0.427,0.421,0.5,0.7,0.762,0.8,2.2,2.9,0.6,0.4,0.2,0.5,1.1,2.6,2015-2016
14,James Jones\jonesja02,35,48,0,9.6,1.2,3,0.408,0.9,2.2,0.394,0.4,0.8,0.447,0.553,0.4,0.5,0.808,0.2,0.9,1,0.3,0.2,0.2,0.3,1,3.7,2015-2016
15,Jared Cunningham\cunnija01,24,40,3,8.9,0.8,2.3,0.352,0.3,0.8,0.313,0.6,1.5,0.373,0.407,0.8,1.2,0.625,0.1,0.7,0.7,0.5,0.3,0.1,0.5,0.9,2.6,2015-2016
16,Jordan McRae\mcraejo01,24,15,1,7.5,1.5,3.5,0.442,0.5,0.7,0.636,1.1,2.7,0.39,0.51,0.6,0.9,0.692,0.1,0.7,0.8,1,0,0.1,0.6,0.7,4.1,2015-2016
17,Sasha Kaun\kaunsa01,30,25,0,3.8,0.4,0.7,0.529,0,0,,0.4,0.7,0.529,0.529,0.2,0.4,0.455,0.5,0.6,1,0.1,0.2,0.2,0.3,0.4,0.9,2015-2016
18,Joe Harris\harrijo01,24,5,0,3,0.2,0.8,0.25,0.2,0.8,0.25,0,0,,0.375,0,0,,0,0.6,0.6,0.4,0,0,0.2,0.2,0.6,2015-2016
1,LeBron James,32,74,74,37.8,9.9,18.2,0.548,1.7,4.6,0.363,8.3,13.5,0.611,0.594,4.8,7.2,0.674,1.3,7.3,8.6,8.7,1.2,0.6,4.1,1.8,26.4,2016-2017
2,Kyrie Irving\irvinky01,24,72,72,35.1,9.3,19.7,0.473,2.5,6.1,0.401,6.9,13.6,0.505,0.535,4.1,4.6,0.905,0.7,2.5,3.2,5.8,1.2,0.3,2.5,2.2,25.2,2016-2017
3,Kevin Love\loveke01,28,60,60,31.4,6.2,14.5,0.427,2.4,6.5,0.373,3.8,8,0.471,0.51,4.3,4.9,0.871,2.5,8.6,11.1,1.9,0.9,0.4,2,2.1,19,2016-2017
4,Tristan Thompson\thomptr01,25,78,78,29.9,3.4,5.6,0.6,0,0,0,3.4,5.6,0.604,0.6,1.4,2.7,0.498,3.7,5.5,9.2,1,0.5,1.1,0.8,2.3,8.1,2016-2017
5,J.R. Smith\smithjr01,31,41,35,29,3,8.7,0.346,2.3,6.6,0.351,0.7,2.1,0.329,0.479,0.2,0.4,0.667,0.4,2.3,2.8,1.5,1,0.3,0.6,1.9,8.6,2016-2017
6,Iman Shumpert\shumpim01,26,76,31,25.5,2.6,6.4,0.411,1.2,3.4,0.36,1.4,3,0.469,0.507,0.9,1.2,0.789,0.5,2.4,2.9,1.4,0.8,0.4,1,2,7.5,2016-2017
7,Kyle Korver\korveky01,35,35,1,24.5,3.7,7.7,0.487,2.8,5.7,0.485,1,2,0.493,0.667,0.4,0.4,0.933,0.2,2.6,2.8,1,0.3,0.2,0.8,1.7,10.7,2016-2017
8,Edy Tavares\tavarwa01,24,1,0,24,3,4,0.75,0,0,,3,4,0.75,0.75,0,1,0,4,6,10,1,0,6,2,3,6,2016-2017
9,Richard Jefferson\jefferi01,36,79,13,20.4,1.9,4.3,0.446,0.8,2.4,0.333,1.2,2,0.58,0.536,1,1.4,0.741,0.4,2.2,2.6,1,0.3,0.1,0.7,1.9,5.7,2016-2017
10,Deron Williams\willide01,32,24,4,20.3,2.8,6.1,0.463,0.9,2.2,0.415,1.9,3.9,0.489,0.537,0.9,1,0.84,0,1.8,1.9,3.6,0.3,0.3,1.7,1.8,7.5,2016-2017
11,Channing Frye\fryech01,33,74,15,18.9,3.2,7,0.458,1.9,4.5,0.409,1.4,2.5,0.546,0.589,0.9,1,0.851,0.5,3.4,3.9,0.6,0.4,0.5,0.7,1.9,9.1,2016-2017
12,Derrick Williams\willide02,25,25,0,17.1,2.2,4.3,0.505,0.8,2.1,0.404,1.3,2.2,0.6,0.603,1.1,1.6,0.692,0.1,2.2,2.3,0.6,0.2,0.1,0.6,1.1,6.2,2016-2017
13,Mike Dunleavy\dunlemi02,36,23,2,15.9,1.6,3.9,0.4,0.9,2.5,0.351,0.7,1.4,0.485,0.511,0.6,0.8,0.737,0.2,1.8,2,0.9,0.3,0.1,0.6,1.4,4.6,2016-2017
14,DeAndre Liggins\liggide01,28,61,19,12.3,0.9,2.2,0.382,0.3,0.7,0.378,0.6,1.5,0.385,0.445,0.4,0.6,0.622,0.3,1.4,1.7,0.9,0.7,0.2,0.7,1.3,2.4,2016-2017
15,Dahntay Jones\jonesda02,36,1,0,12,3,8,0.375,0,2,0,3,6,0.5,0.375,3,4,0.75,1,1,2,1,0,0,1,1,9,2016-2017
16,Jordan McRae\mcraejo01,25,37,4,10.4,1.6,4.1,0.387,0.5,1.4,0.353,1.1,2.7,0.404,0.447,0.7,0.9,0.794,0.2,0.9,1.1,0.5,0.2,0.2,0.4,0.8,4.4,2016-2017
17,Chris Andersen\anderch01,38,12,0,9.5,0.8,1.8,0.409,0,0.3,0,0.8,1.6,0.474,0.409,0.8,1.2,0.714,0.8,1.8,2.6,0.4,0.4,0.6,0.4,1.7,2.3,2016-2017
18,Kay Felder\feldeka01,21,42,0,9.2,1.5,3.8,0.392,0.2,0.5,0.318,1.3,3.2,0.404,0.415,0.8,1.2,0.714,0.1,0.9,1,1.4,0.4,0.2,0.7,0.9,4,2016-2017
19,James Jones\jonesja02,36,48,2,7.9,0.9,1.9,0.478,0.6,1.4,0.47,0.3,0.5,0.5,0.647,0.3,0.4,0.65,0.1,0.7,0.8,0.3,0.1,0.2,0.2,0.8,2.8,2016-2017
20,Larry Sanders\sandela01,28,5,0,2.6,0.2,0.8,0.25,0,0,,0.2,0.8,0.25,0.25,0.4,0.4,1,0.6,0.2,0.8,0,0.2,0.2,0.4,1,0.8,2016-2017
21,Andrew Bogut\bogutan01,32,1,0,1,0,0,,0,0,,0,0,,,0,0,,0,0,0,0,0,0,0,2,0,2016-2017
1,LeBron James,33,82,82,36.9,10.5,19.3,0.542,1.8,5,0.367,8.6,14.3,0.603,0.59,4.7,6.5,0.731,1.2,7.5,8.6,9.1,1.4,0.9,4.2,1.7,27.5,2017-2018
2,J.R. Smith\smithjr01,32,80,61,28.1,3,7.4,0.403,1.8,4.8,0.375,1.2,2.7,0.453,0.524,0.5,0.7,0.696,0.4,2.6,2.9,1.8,0.9,0.1,1,2,8.3,2017-2018
3,Kevin Love\loveke01,29,59,59,28,5.7,12.4,0.458,2.3,5.6,0.415,3.3,6.8,0.494,0.552,4,4.5,0.88,1.7,7.5,9.3,1.7,0.7,0.4,1.5,2,17.6,2017-2018
4,George Hill\hillge01,31,24,24,27.9,3.5,7.8,0.444,1.1,3.2,0.351,2.3,4.6,0.509,0.516,1.4,1.7,0.805,0.8,1.8,2.7,2.8,0.9,0.6,1.2,2.2,9.4,2017-2018
5,Isaiah Thomas\thomais02,28,15,14,27.1,4.7,12.9,0.361,1.5,5.8,0.253,3.2,7.1,0.449,0.418,3.9,4.5,0.868,0.5,1.6,2.1,4.5,0.6,0.1,2.7,1.7,14.7,2017-2018
6,Jae Crowder\crowdja01,27,53,47,25.4,3,7.1,0.418,1.2,3.6,0.328,1.8,3.5,0.508,0.5,1.5,1.7,0.848,0.8,2.5,3.3,1.1,0.8,0.2,0.8,2.3,8.6,2017-2018
7,Rodney Hood\hoodro01,25,21,11,25.3,4.2,9.5,0.442,1.2,3.4,0.352,3,6.1,0.492,0.505,1.2,1.5,0.813,0.4,2.2,2.6,1.4,0.7,0.2,0.3,2,10.8,2017-2018
8,Jeff Green\greenje02,31,78,13,23.4,3.8,7.9,0.477,0.7,2.2,0.312,3.1,5.7,0.54,0.52,2.6,3,0.868,0.8,2.4,3.2,1.3,0.5,0.4,1,1.9,10.8,2017-2018
9,Dwyane Wade\wadedw01,36,46,3,23.2,4.3,9.5,0.455,0.5,1.5,0.329,3.8,7.9,0.479,0.482,2,2.9,0.701,0.8,3.1,3.9,3.5,0.9,0.7,2,1.8,11.2,2017-2018
10,Jordan Clarkson\clarkjo01,25,28,0,22.6,4.7,10.3,0.456,1.6,3.9,0.407,3.1,6.4,0.486,0.533,1.7,2.1,0.81,0.5,1.6,2.1,1.7,0.7,0.1,1.1,1.6,12.6,2017-2018
11,Kyle Korver\korveky01,36,73,4,21.6,3,6.6,0.459,2.2,5.2,0.436,0.8,1.5,0.537,0.628,0.9,1,0.889,0.1,2.1,2.3,1.2,0.4,0.4,0.8,1.8,9.2,2017-2018
12,Larry Nance\nancela02,25,24,10,20.8,3.7,6.7,0.55,0,0.3,0.125,3.6,6.3,0.572,0.553,1.5,2.1,0.72,2.2,4.8,7,1,1.2,0.8,0.4,2.5,8.9,2017-2018
13,Tristan Thompson\thomptr01,26,53,22,20.2,2.5,4.4,0.562,0,0,,2.5,4.4,0.562,0.562,0.8,1.5,0.544,2.4,4.3,6.6,0.6,0.3,0.3,0.7,1.9,5.8,2017-2018
14,Iman Shumpert\shumpim01,27,14,6,19.7,1.6,4.1,0.379,0.5,1.9,0.269,1.1,2.3,0.469,0.44,0.8,1.1,0.733,0.5,2.4,2.9,1.2,0.6,0.3,1.1,1.6,4.4,2017-2018
15,Derrick Rose\rosede01,29,16,7,19.3,3.6,8.3,0.439,0.4,1.5,0.25,3.3,6.8,0.481,0.462,2.2,2.6,0.854,0.6,1.2,1.8,1.6,0.2,0.3,1.8,0.9,9.8,2017-2018
16,José Calderón\caldejo01,36,57,32,16,1.6,3.2,0.503,0.8,1.7,0.464,0.8,1.5,0.545,0.624,0.4,0.5,0.8,0.2,1.2,1.5,2.1,0.5,0,0.7,1.4,4.5,2017-2018
17,Kendrick Perkins\perkike01,33,1,0,15,1,2,0.5,0,0,,1,2,0.5,0.5,1,2,0.5,0,1,1,2,1,0,1,1,3,2017-2018
18,Channing Frye\fryech01,34,44,1,12.4,1.9,3.8,0.497,0.7,2,0.333,1.2,1.8,0.684,0.586,0.3,0.3,0.933,0.2,2.3,2.5,0.6,0.4,0.3,0.4,1.2,4.8,2017-2018
19,Cedi Osman\osmande01,22,61,12,11,1.5,3,0.484,0.5,1.4,0.368,1,1.6,0.586,0.57,0.4,0.8,0.565,0.3,1.7,2,0.7,0.4,0,0.5,1.3,3.9,2017-2018
20,John Holland\hollajo02,29,24,0,7.3,0.7,2.5,0.288,0.5,1.5,0.306,0.3,1,0.261,0.381,0.4,0.5,0.692,0.3,0.8,1,0.2,0.3,0.1,0.3,0.4,2.3,2017-2018
21,Ante Žižić\zizican01,21,32,2,6.7,1.5,2.1,0.731,0,0,,1.5,2.1,0.731,0.731,0.7,0.9,0.724,0.8,1.1,1.9,0.2,0.1,0.4,0.3,0.9,3.7,2017-2018
22,London Perrantes\perralo01,23,14,0,4.7,0.1,0.9,0.154,0,0.2,0,0.1,0.7,0.2,0.154,0.2,0.4,0.6,0.1,0.2,0.3,0.4,0.1,0.1,0.1,0.4,0.5,2017-2018
1,LeBron James,34,55,55,35.2,10.1,19.9,0.51,2,5.9,0.339,8.1,14,0.582,0.56,5.1,7.6,0.665,1,7.4,8.5,8.3,1.3,0.6,3.6,1.7,27.4,2018-2019
2,Brandon Ingram\ingrabr01,21,52,52,33.8,7,14,0.497,0.6,1.8,0.33,6.4,12.2,0.521,0.518,3.8,5.6,0.675,0.8,4.3,5.1,3,0.5,0.6,2.5,2.9,18.3,2018-2019
3,Kyle Kuzma\kuzmaky01,23,70,68,33.1,7.1,15.5,0.456,1.8,6,0.303,5.3,9.5,0.553,0.515,2.7,3.6,0.752,0.9,4.6,5.5,2.5,0.6,0.4,1.9,2.4,18.7,2018-2019
4,Lonzo Ball\balllo01,21,47,45,30.3,3.9,9.7,0.406,1.6,4.9,0.329,2.3,4.9,0.482,0.488,0.4,1,0.417,1.1,4.2,5.3,5.4,1.5,0.4,2.2,2.4,9.9,2018-2019
5,Rajon Rondo\rondora01,32,46,29,29.8,3.8,9.4,0.405,1.1,3.1,0.359,2.7,6.3,0.428,0.464,0.5,0.8,0.639,0.7,4.5,5.3,8,1.2,0.2,2.8,2.2,9.2,2018-2019
6,Reggie Bullock\bullore01,27,19,16,27.6,3.3,8.1,0.412,1.8,5.2,0.343,1.5,2.8,0.537,0.523,0.9,1.1,0.81,0.1,2.5,2.6,1.1,0.8,0.4,0.6,1.6,9.3,2018-2019
7,Josh Hart\hartjo01,23,67,22,25.6,2.8,6.9,0.407,1.4,4.1,0.336,1.4,2.8,0.511,0.506,0.8,1.2,0.688,0.5,3.2,3.7,1.4,1,0.6,0.9,2.2,7.8,2018-2019
8,Kentavious Caldwell-Pope\caldwke01,25,82,23,24.8,4,9.2,0.43,1.8,5.3,0.347,2.1,3.9,0.542,0.53,1.7,1.9,0.867,0.6,2.3,2.9,1.3,0.9,0.2,0.8,1.7,11.4,2018-2019
9,Jemerrio Jones\jonesje01,23,6,2,23.8,2,5.5,0.364,0.3,1.7,0.2,1.7,3.8,0.435,0.394,0.2,0.3,0.5,2.7,5.5,8.2,2.2,1.2,0.8,0.8,1.7,4.5,2018-2019
10,JaVale McGee\mcgeeja01,31,75,62,22.3,5.3,8.5,0.624,0,0.2,0.083,5.3,8.4,0.634,0.625,1.3,2,0.632,2.6,4.9,7.5,0.7,0.6,2,1.4,2.8,12,2018-2019
11,Alex Caruso\carusal01,24,25,4,21.2,3.1,6.9,0.445,1,2,0.48,2.1,4.9,0.431,0.514,2,2.6,0.797,0.8,1.9,2.7,3.1,1,0.4,1.7,2.2,9.2,2018-2019
12,Lance Stephenson\stephla01,28,68,3,16.5,2.7,6.4,0.426,1.1,2.9,0.371,1.6,3.5,0.472,0.51,0.7,1.1,0.685,0.5,2.7,3.2,2.1,0.6,0.1,1.3,1.6,7.2,2018-2019
13,Tyson Chandler\chandty01,36,48,6,16.4,1.1,1.8,0.609,0,0,0,1.1,1.8,0.616,0.609,0.9,1.4,0.594,1.8,3.8,5.6,0.6,0.4,0.5,0.7,1.9,3.1,2018-2019
14,Ivica Zubac\zubaciv01,21,33,12,15.6,3.4,5.8,0.58,0,0,,3.4,5.8,0.58,0.58,1.7,2,0.864,1.6,3.3,4.9,0.8,0.1,0.8,1,2.2,8.5,2018-2019
15,Mike Muscala\muscami01,27,17,4,15.6,2.1,4.9,0.434,1.2,3.4,0.368,0.9,1.5,0.577,0.56,0.4,0.5,0.875,0.4,2.2,2.6,0.8,0.2,0.6,0.3,1.1,5.9,2018-2019
16,Johnathan Williams\willijo04,23,24,0,15.5,2.7,4.6,0.591,0,0.1,0,2.7,4.5,0.602,0.591,1.1,2,0.563,2,2.1,4.1,0.5,0.3,0.3,0.7,2.6,6.5,2018-2019
17,Sviatoslav Mykhailiuk\mykhasv01,21,39,0,10.8,1.1,3.4,0.333,0.7,2.2,0.318,0.4,1.2,0.362,0.436,0.3,0.5,0.6,0.2,0.7,0.9,0.8,0.3,0,0.5,0.6,3.3,2018-2019
18,Michael Beasley\beaslmi01,30,26,2,10.7,2.9,5.9,0.49,0.1,0.7,0.176,2.8,5.2,0.529,0.5,1.1,1.5,0.718,0.5,1.8,2.3,1,0.3,0.4,1,1.6,7,2018-2019
19,Moritz Wagner\wagnemo01,21,43,5,10.4,1.7,4,0.415,0.5,1.8,0.286,1.1,2.2,0.521,0.48,1,1.2,0.811,0.4,1.6,2,0.6,0.3,0.3,0.9,1.3,4.8,2018-2019
20,Isaac Bonga\bongais01,19,22,0,5.5,0.2,1.5,0.152,0,0.4,0,0.2,1.1,0.2,0.152,0.4,0.7,0.6,0.4,0.7,1.1,0.7,0.4,0.2,0.3,0.4,0.9,2018-2019
21,Scott Machado\machasc01,28,4,0,4.8,1,1.5,0.667,0.3,0.3,1,0.8,1.3,0.6,0.75,0.3,0.3,1,0,0,0,0.8,0.3,0,0,0.5,2.5,2018-2019
22,Andre Ingram\ingraan01,33,4,0,3.8,0,1.5,0,0,0.8,0,0,0.8,0,0,0,0,,0.3,0.3,0.5,0,0.3,0,0.3,0,0,2018-2019
